asset_id,display_name_zh,runtime_name,category,source_file,source_object,source_version,mobile_policy,render_policy,triangle_budget,material_set,texture_set,landmark_id,status
CL.BLD.CatHouse.01,猫咪小屋,CL_BLD_CatHouse_01,BLD,03-3d-models/catlife-town/current/catlife_v2_island_grass_style_no_skybox_20260630.blend,node_0.007,20260630,required,required,21197,MAT_CL_CatHouse,T_CL_CatHouse_BaseColor_1024.png,CAT_HOUSE,READY
CL.BLD.FishShop.01,鱼干超市,CL_BLD_FishShop_01,BLD,03-3d-models/catlife-town/current/catlife_v2_island_grass_style_no_skybox_20260630.blend,node_0.008,20260630,required,required,20908,MAT_CL_FishShop,T_CL_FishShop_BaseColor_1024.png,FISH_SHOP,READY
CL.BLD.FocusHouse.01,专注小屋,CL_BLD_FocusHouse_01,BLD,03-3d-models/catlife-town/current/catlife_v2_island_grass_style_no_skybox_20260630.blend,Mesh_0.001,20260630,required,required,10573,MAT_CL_FocusHouse,T_CL_FocusHouse_BaseColor_1024.png,FOCUS_HOUSE,READY
CL.BLD.Source.002,,CL_BLD_Source_002,BLD,03-3d-models/catlife-town/current/catlife_v2_island_grass_style_no_skybox_20260630.blend,Mesh_0.003,20260630,required,required,4110,MAT_CL_TownAtlas_01,T_CL_TownAtlas_BaseColor_01_1024.png,,READY
CL.BLD.Source.003,,CL_BLD_Source_003,BLD,03-3d-models/catlife-town/current/catlife_v2_island_grass_style_no_skybox_20260630.blend,node_0.005,20260630,required,required,4189,MAT_CL_TownAtlas_01,T_CL_TownAtlas_BaseColor_01_1024.png,,READY
CL.BLD.Source.008,,CL_BLD_Source_008,BLD,03-3d-models/catlife-town/current/catlife_v2_island_grass_style_no_skybox_20260630.blend,node_0.036,20260630,required,required,655,MAT_CL_TownAtlas_01,T_CL_TownAtlas_BaseColor_01_1024.png,,READY
CL.BLD.Source.009,,CL_BLD_Source_009,BLD,03-3d-models/catlife-town/current/catlife_v2_island_grass_style_no_skybox_20260630.blend,node_0.058,20260630,required,required,569,MAT_CL_TownAtlas_01,T_CL_TownAtlas_BaseColor_01_1024.png,,READY
CL.BLD.Source.010,,CL_BLD_Source_010,BLD,03-3d-models/catlife-town/current/catlife_v2_island_grass_style_no_skybox_20260630.blend,node_0.108,20260630,required,required,492,MAT_CL_TownAtlas_02,T_CL_TownAtlas_BaseColor_02_1024.png,,READY
CL.BLD.Source.011,,CL_BLD_Source_011,BLD,03-3d-models/catlife-town/current/catlife_v2_island_grass_style_no_skybox_20260630.blend,node_0.115,20260630,required,required,941,MAT_CL_TownAtlas_02,T_CL_TownAtlas_BaseColor_02_1024.png,,READY
CL.BLD.Source.012,,CL_BLD_Source_012,BLD,03-3d-models/catlife-town/current/catlife_v2_island_grass_style_no_skybox_20260630.blend,node_0.120,20260630,required,required,905,MAT_CL_TownAtlas_02,T_CL_TownAtlas_BaseColor_02_1024.png,,READY
CL.BLD.Source.013,,CL_BLD_Source_013,BLD,03-3d-models/catlife-town/current/catlife_v2_island_grass_style_no_skybox_20260630.blend,node_0.130,20260630,required,required,824,MAT_CL_TownAtlas_02,T_CL_TownAtlas_BaseColor_02_1024.png,,READY
CL.BLD.Source.014,,CL_BLD_Source_014,BLD,03-3d-models/catlife-town/current/catlife_v2_island_grass_style_no_skybox_20260630.blend,node_0.135,20260630,required,required,775,MAT_CL_TownAtlas_02,T_CL_TownAtlas_BaseColor_02_1024.png,,READY
CL.BLD.Source.015,,CL_BLD_Source_015,BLD,03-3d-models/catlife-town/current/catlife_v2_island_grass_style_no_skybox_20260630.blend,node_0.136,20260630,required,required,752,MAT_CL_TownAtlas_02,T_CL_TownAtlas_BaseColor_02_1024.png,,READY
CL.BLD.Source.016,,CL_BLD_Source_016,BLD,03-3d-models/catlife-town/current/catlife_v2_island_grass_style_no_skybox_20260630.blend,node_0.141,20260630,required,required,523,MAT_CL_TownAtlas_02,T_CL_TownAtlas_BaseColor_02_1024.png,,READY
CL.BLD.Source.017,,CL_BLD_Source_017,BLD,03-3d-models/catlife-town/current/catlife_v2_island_grass_style_no_skybox_20260630.blend,node_0.145,20260630,required,required,520,MAT_CL_TownAtlas_02,T_CL_TownAtlas_BaseColor_02_1024.png,,READY
CL.BLD.Source.018,,CL_BLD_Source_018,BLD,03-3d-models/catlife-town/current/catlife_v2_island_grass_style_no_skybox_20260630.blend,node_0.147,20260630,required,required,878,MAT_CL_TownAtlas_02,T_CL_TownAtlas_BaseColor_02_1024.png,,READY
CL.BLD.Source.019,,CL_BLD_Source_019,BLD,03-3d-models/catlife-town/current/catlife_v2_island_grass_style_no_skybox_20260630.blend,node_0.150,20260630,required,required,689,MAT_CL_TownAtlas_02,T_CL_TownAtlas_BaseColor_02_1024.png,,READY
CL.BLD.Source.020,,CL_BLD_Source_020,BLD,03-3d-models/catlife-town/current/catlife_v2_island_grass_style_no_skybox_20260630.blend,node_0.158,20260630,required,required,443,MAT_CL_TownAtlas_03,T_CL_TownAtlas_BaseColor_03_1024.png,,READY
CL.BLD.Source.021,,CL_BLD_Source_021,BLD,03-3d-models/catlife-town/current/catlife_v2_island_grass_style_no_skybox_20260630.blend,node_0.160,20260630,required,required,377,MAT_CL_TownAtlas_03,T_CL_TownAtlas_BaseColor_03_1024.png,,READY
CL.BLD.Source.022,,CL_BLD_Source_022,BLD,03-3d-models/catlife-town/current/catlife_v2_island_grass_style_no_skybox_20260630.blend,node_0.164,20260630,required,required,492,MAT_CL_TownAtlas_03,T_CL_TownAtlas_BaseColor_03_1024.png,,READY
CL.BLD.TomatoClockTower.01,番茄钟楼,CL_BLD_TomatoClockTower_01,BLD,03-3d-models/catlife-town/current/catlife_v2_island_grass_style_no_skybox_20260630.blend,node_0.018,20260630,required,required,19712,MAT_CL_TomatoClockTower,T_CL_TomatoClockTower_BaseColor_1024.png,TOMATO_CLOCK_TOWER,READY
CL.BLD.TownGate.01,小镇入口,CL_BLD_TownGate_01,BLD,03-3d-models/catlife-town/current/catlife_v2_island_grass_style_no_skybox_20260630.blend,node_0.009,20260630,required,required,10000,MAT_CL_TownGate,T_CL_TownGate_BaseColor_1024.png,TOWN_GATE,READY
CL.ENV.IslandBase.01,完整空岛,CL_ENV_IslandBase_01,ENV,03-3d-models/catlife-town/current/catlife_v2_island_grass_style_no_skybox_20260630.blend,柱体,20260630,required,required,764,MAT_CL_GrassSoftGreen|MAT_CL_SoilWarm|MAT_CL_IslandDarkBottom|MAT_CL_GrassLight|MAT_CL_SoilEdge|MAT_CL_GrassDeep,,ISLAND,READY
CL.ENV.IslandFlowers.01,空岛花丛,CL_ENV_IslandFlowers_01,ENV,03-3d-models/catlife-town/current/catlife_v2_island_grass_style_no_skybox_20260630.blend,CL_StylePass_LowPoly_ColorFlowers_OnIsland,20260630,required,required,35,MAT_CL_AccentFlower,,ISLAND_FLOWERS,READY
CL.ENV.IslandGrass.01,空岛草丛,CL_ENV_IslandGrass_01,ENV,03-3d-models/catlife-town/current/catlife_v2_island_grass_style_no_skybox_20260630.blend,CL_StylePass_LowPoly_GrassPuffs_OnIsland,20260630,required,required,1364,MAT_CL_FoliageGreen,,ISLAND_GRASS,READY
CL.ENV.IslandStones.01,空岛石块,CL_ENV_IslandStones_01,ENV,03-3d-models/catlife-town/current/catlife_v2_island_grass_style_no_skybox_20260630.blend,CL_StylePass_LowPoly_TanStones_OnIsland,20260630,required,required,168,MAT_CL_StoneLight,,ISLAND_STONES,READY
CL.ENV.RewardTree.01,许愿树,CL_ENV_RewardTree_01,ENV,03-3d-models/catlife-town/current/catlife_v2_island_grass_style_no_skybox_20260630.blend,node_0.017,20260630,required,required,7687,MAT_CL_RewardTree,T_CL_RewardTree_BaseColor_1024.png,REWARD_TREE,READY
CL.ENV.Source.005,,CL_ENV_Source_005,ENV,03-3d-models/catlife-town/current/catlife_v2_island_grass_style_no_skybox_20260630.blend,node_0.019,20260630,required,required,951,MAT_CL_TownAtlas_01,T_CL_TownAtlas_BaseColor_01_1024.png,,READY
CL.ENV.Source.006,,CL_ENV_Source_006,ENV,03-3d-models/catlife-town/current/catlife_v2_island_grass_style_no_skybox_20260630.blend,node_0.041,20260630,required,required,1378,MAT_CL_TownAtlas_01,T_CL_TownAtlas_BaseColor_01_1024.png,,READY
CL.ENV.Source.007,,CL_ENV_Source_007,ENV,03-3d-models/catlife-town/current/catlife_v2_island_grass_style_no_skybox_20260630.blend,node_0.047,20260630,required,required,4705,MAT_CL_TownAtlas_01,T_CL_TownAtlas_BaseColor_01_1024.png,,READY
CL.PROP.CenterStone.01,中心石板,CL_PROP_CenterStone_01,PROP,03-3d-models/catlife-town/current/catlife_v2_island_grass_style_no_skybox_20260630.blend,Mesh_0.010,20260630,required,required,15001,MAT_CL_CenterStone,T_CL_CenterStone_BaseColor_1024.png,CENTER_STONE,READY
CL.PROP.Source.001,,CL_PROP_Source_001,PROP,03-3d-models/catlife-town/current/catlife_v2_island_grass_style_no_skybox_20260630.blend,Mesh_0.002,20260630,required,required,3361,MAT_CL_TownAtlas_01,T_CL_TownAtlas_BaseColor_01_1024.png,,READY
CL.PROP.Source.002,,CL_PROP_Source_002,PROP,03-3d-models/catlife-town/current/catlife_v2_island_grass_style_no_skybox_20260630.blend,Mesh_0.004,20260630,required,required,702,MAT_CL_TownAtlas_01,T_CL_TownAtlas_BaseColor_01_1024.png,,READY
CL.PROP.Source.003,,CL_PROP_Source_003,PROP,03-3d-models/catlife-town/current/catlife_v2_island_grass_style_no_skybox_20260630.blend,Mesh_0.006,20260630,required,required,3710,MAT_CL_TownAtlas_01,T_CL_TownAtlas_BaseColor_01_1024.png,,READY
CL.PROP.Source.004,,CL_PROP_Source_004,PROP,03-3d-models/catlife-town/current/catlife_v2_island_grass_style_no_skybox_20260630.blend,Mesh_0.009,20260630,required,required,1544,MAT_CL_TownAtlas_03,T_CL_TownAtlas_BaseColor_03_1024.png,,READY
CL.PROP.Source.006,,CL_PROP_Source_006,PROP,03-3d-models/catlife-town/current/catlife_v2_island_grass_style_no_skybox_20260630.blend,Mesh_0.011,20260630,required,required,144,MAT_CL_TownAtlas_03,T_CL_TownAtlas_BaseColor_03_1024.png,,READY
CL.PROP.Source.007,,CL_PROP_Source_007,PROP,03-3d-models/catlife-town/current/catlife_v2_island_grass_style_no_skybox_20260630.blend,node_0.001,20260630,required,required,3101,MAT_CL_TownAtlas_01,T_CL_TownAtlas_BaseColor_01_1024.png,,READY
CL.PROP.Source.008,,CL_PROP_Source_008,PROP,03-3d-models/catlife-town/current/catlife_v2_island_grass_style_no_skybox_20260630.blend,node_0.006,20260630,required,required,369,MAT_CL_TownAtlas_01,T_CL_TownAtlas_BaseColor_01_1024.png,,READY
CL.PROP.Source.009,,CL_PROP_Source_009,PROP,03-3d-models/catlife-town/current/catlife_v2_island_grass_style_no_skybox_20260630.blend,node_0.011,20260630,required,required,4198,MAT_CL_TownAtlas_01,T_CL_TownAtlas_BaseColor_01_1024.png,,READY
CL.PROP.Source.010,,CL_PROP_Source_010,PROP,03-3d-models/catlife-town/current/catlife_v2_island_grass_style_no_skybox_20260630.blend,node_0.012,20260630,required,required,341,MAT_CL_TownAtlas_01,T_CL_TownAtlas_BaseColor_01_1024.png,,READY
CL.PROP.Source.011,,CL_PROP_Source_011,PROP,03-3d-models/catlife-town/current/catlife_v2_island_grass_style_no_skybox_20260630.blend,node_0.014,20260630,required,required,997,MAT_CL_TownAtlas_02,T_CL_TownAtlas_BaseColor_02_1024.png,,READY
CL.PROP.Source.012,,CL_PROP_Source_012,PROP,03-3d-models/catlife-town/current/catlife_v2_island_grass_style_no_skybox_20260630.blend,node_0.016,20260630,required,required,1271,MAT_CL_TownAtlas_01,T_CL_TownAtlas_BaseColor_01_1024.png,,READY
CL.PROP.Source.013,,CL_PROP_Source_013,PROP,03-3d-models/catlife-town/current/catlife_v2_island_grass_style_no_skybox_20260630.blend,node_0.021,20260630,required,required,665,MAT_CL_TownAtlas_01,T_CL_TownAtlas_BaseColor_01_1024.png,,READY
CL.PROP.Source.014,,CL_PROP_Source_014,PROP,03-3d-models/catlife-town/current/catlife_v2_island_grass_style_no_skybox_20260630.blend,node_0.023,20260630,required,required,881,MAT_CL_TownAtlas_01,T_CL_TownAtlas_BaseColor_01_1024.png,,READY
CL.PROP.Source.015,,CL_PROP_Source_015,PROP,03-3d-models/catlife-town/current/catlife_v2_island_grass_style_no_skybox_20260630.blend,node_0.024,20260630,required,required,1123,MAT_CL_TownAtlas_03,T_CL_TownAtlas_BaseColor_03_1024.png,,READY
CL.PROP.Source.016,,CL_PROP_Source_016,PROP,03-3d-models/catlife-town/current/catlife_v2_island_grass_style_no_skybox_20260630.blend,node_0.026,20260630,required,required,839,MAT_CL_TownAtlas_01,T_CL_TownAtlas_BaseColor_01_1024.png,,READY
CL.PROP.Source.017,,CL_PROP_Source_017,PROP,03-3d-models/catlife-town/current/catlife_v2_island_grass_style_no_skybox_20260630.blend,node_0.027,20260630,required,required,741,MAT_CL_TownAtlas_01,T_CL_TownAtlas_BaseColor_01_1024.png,,READY
CL.PROP.Source.018,,CL_PROP_Source_018,PROP,03-3d-models/catlife-town/current/catlife_v2_island_grass_style_no_skybox_20260630.blend,node_0.029,20260630,required,required,758,MAT_CL_TownAtlas_01,T_CL_TownAtlas_BaseColor_01_1024.png,,READY
CL.PROP.Source.019,,CL_PROP_Source_019,PROP,03-3d-models/catlife-town/current/catlife_v2_island_grass_style_no_skybox_20260630.blend,node_0.030,20260630,required,required,845,MAT_CL_TownAtlas_01,T_CL_TownAtlas_BaseColor_01_1024.png,,READY
CL.PROP.Source.020,,CL_PROP_Source_020,PROP,03-3d-models/catlife-town/current/catlife_v2_island_grass_style_no_skybox_20260630.blend,node_0.031,20260630,required,required,927,MAT_CL_TownAtlas_01,T_CL_TownAtlas_BaseColor_01_1024.png,,READY
CL.PROP.Source.021,,CL_PROP_Source_021,PROP,03-3d-models/catlife-town/current/catlife_v2_island_grass_style_no_skybox_20260630.blend,node_0.032,20260630,required,required,205,MAT_CL_TownAtlas_01,T_CL_TownAtlas_BaseColor_01_1024.png,,READY
CL.PROP.Source.022,,CL_PROP_Source_022,PROP,03-3d-models/catlife-town/current/catlife_v2_island_grass_style_no_skybox_20260630.blend,node_0.033,20260630,required,required,629,MAT_CL_TownAtlas_01,T_CL_TownAtlas_BaseColor_01_1024.png,,READY
CL.PROP.Source.023,,CL_PROP_Source_023,PROP,03-3d-models/catlife-town/current/catlife_v2_island_grass_style_no_skybox_20260630.blend,node_0.034,20260630,required,required,119,MAT_CL_TownAtlas_01,T_CL_TownAtlas_BaseColor_01_1024.png,,READY
CL.PROP.Source.024,,CL_PROP_Source_024,PROP,03-3d-models/catlife-town/current/catlife_v2_island_grass_style_no_skybox_20260630.blend,node_0.035,20260630,required,required,934,MAT_CL_TownAtlas_01,T_CL_TownAtlas_BaseColor_01_1024.png,,READY
CL.PROP.Source.025,,CL_PROP_Source_025,PROP,03-3d-models/catlife-town/current/catlife_v2_island_grass_style_no_skybox_20260630.blend,node_0.046,20260630,required,required,648,MAT_CL_TownAtlas_01,T_CL_TownAtlas_BaseColor_01_1024.png,,READY
CL.PROP.Source.026,,CL_PROP_Source_026,PROP,03-3d-models/catlife-town/current/catlife_v2_island_grass_style_no_skybox_20260630.blend,node_0.053,20260630,required,required,920,MAT_CL_TownAtlas_01,T_CL_TownAtlas_BaseColor_01_1024.png,,READY
CL.PROP.Source.027,,CL_PROP_Source_027,PROP,03-3d-models/catlife-town/current/catlife_v2_island_grass_style_no_skybox_20260630.blend,node_0.054,20260630,required,required,745,MAT_CL_TownAtlas_01,T_CL_TownAtlas_BaseColor_01_1024.png,,READY
CL.PROP.Source.028,,CL_PROP_Source_028,PROP,03-3d-models/catlife-town/current/catlife_v2_island_grass_style_no_skybox_20260630.blend,node_0.055,20260630,required,required,455,MAT_CL_TownAtlas_01,T_CL_TownAtlas_BaseColor_01_1024.png,,READY
CL.PROP.Source.029,,CL_PROP_Source_029,PROP,03-3d-models/catlife-town/current/catlife_v2_island_grass_style_no_skybox_20260630.blend,node_0.057,20260630,required,required,246,MAT_CL_TownAtlas_01,T_CL_TownAtlas_BaseColor_01_1024.png,,READY
CL.PROP.Source.030,,CL_PROP_Source_030,PROP,03-3d-models/catlife-town/current/catlife_v2_island_grass_style_no_skybox_20260630.blend,node_0.102,20260630,required,required,1005,MAT_CL_TownAtlas_02,T_CL_TownAtlas_BaseColor_02_1024.png,,READY
CL.PROP.Source.031,,CL_PROP_Source_031,PROP,03-3d-models/catlife-town/current/catlife_v2_island_grass_style_no_skybox_20260630.blend,node_0.103,20260630,required,required,783,MAT_CL_TownAtlas_02,T_CL_TownAtlas_BaseColor_02_1024.png,,READY
CL.PROP.Source.032,,CL_PROP_Source_032,PROP,03-3d-models/catlife-town/current/catlife_v2_island_grass_style_no_skybox_20260630.blend,node_0.104,20260630,required,required,1184,MAT_CL_TownAtlas_02,T_CL_TownAtlas_BaseColor_02_1024.png,,READY
CL.PROP.Source.033,,CL_PROP_Source_033,PROP,03-3d-models/catlife-town/current/catlife_v2_island_grass_style_no_skybox_20260630.blend,node_0.105,20260630,required,required,463,MAT_CL_TownAtlas_02,T_CL_TownAtlas_BaseColor_02_1024.png,,READY
CL.PROP.Source.034,,CL_PROP_Source_034,PROP,03-3d-models/catlife-town/current/catlife_v2_island_grass_style_no_skybox_20260630.blend,node_0.106,20260630,required,required,720,MAT_CL_TownAtlas_02,T_CL_TownAtlas_BaseColor_02_1024.png,,READY
CL.PROP.Source.035,,CL_PROP_Source_035,PROP,03-3d-models/catlife-town/current/catlife_v2_island_grass_style_no_skybox_20260630.blend,node_0.107,20260630,required,required,205,MAT_CL_TownAtlas_02,T_CL_TownAtlas_BaseColor_02_1024.png,,READY
CL.PROP.Source.036,,CL_PROP_Source_036,PROP,03-3d-models/catlife-town/current/catlife_v2_island_grass_style_no_skybox_20260630.blend,node_0.109,20260630,required,required,603,MAT_CL_TownAtlas_02,T_CL_TownAtlas_BaseColor_02_1024.png,,READY
CL.PROP.Source.037,,CL_PROP_Source_037,PROP,03-3d-models/catlife-town/current/catlife_v2_island_grass_style_no_skybox_20260630.blend,node_0.110,20260630,required,required,213,MAT_CL_TownAtlas_02,T_CL_TownAtlas_BaseColor_02_1024.png,,READY
CL.PROP.Source.038,,CL_PROP_Source_038,PROP,03-3d-models/catlife-town/current/catlife_v2_island_grass_style_no_skybox_20260630.blend,node_0.111,20260630,required,required,243,MAT_CL_TownAtlas_02,T_CL_TownAtlas_BaseColor_02_1024.png,,READY
CL.PROP.Source.039,,CL_PROP_Source_039,PROP,03-3d-models/catlife-town/current/catlife_v2_island_grass_style_no_skybox_20260630.blend,node_0.112,20260630,required,required,776,MAT_CL_TownAtlas_02,T_CL_TownAtlas_BaseColor_02_1024.png,,READY
CL.PROP.Source.040,,CL_PROP_Source_040,PROP,03-3d-models/catlife-town/current/catlife_v2_island_grass_style_no_skybox_20260630.blend,node_0.113,20260630,required,required,493,MAT_CL_TownAtlas_02,T_CL_TownAtlas_BaseColor_02_1024.png,,READY
CL.PROP.Source.041,,CL_PROP_Source_041,PROP,03-3d-models/catlife-town/current/catlife_v2_island_grass_style_no_skybox_20260630.blend,node_0.114,20260630,required,required,560,MAT_CL_TownAtlas_02,T_CL_TownAtlas_BaseColor_02_1024.png,,READY
CL.PROP.Source.042,,CL_PROP_Source_042,PROP,03-3d-models/catlife-town/current/catlife_v2_island_grass_style_no_skybox_20260630.blend,node_0.116,20260630,required,required,733,MAT_CL_TownAtlas_02,T_CL_TownAtlas_BaseColor_02_1024.png,,READY
CL.PROP.Source.043,,CL_PROP_Source_043,PROP,03-3d-models/catlife-town/current/catlife_v2_island_grass_style_no_skybox_20260630.blend,node_0.118,20260630,required,required,993,MAT_CL_TownAtlas_02,T_CL_TownAtlas_BaseColor_02_1024.png,,READY
CL.PROP.Source.044,,CL_PROP_Source_044,PROP,03-3d-models/catlife-town/current/catlife_v2_island_grass_style_no_skybox_20260630.blend,node_0.119,20260630,required,required,364,MAT_CL_TownAtlas_02,T_CL_TownAtlas_BaseColor_02_1024.png,,READY
CL.PROP.Source.045,,CL_PROP_Source_045,PROP,03-3d-models/catlife-town/current/catlife_v2_island_grass_style_no_skybox_20260630.blend,node_0.121,20260630,required,required,303,MAT_CL_TownAtlas_02,T_CL_TownAtlas_BaseColor_02_1024.png,,READY
CL.PROP.Source.046,,CL_PROP_Source_046,PROP,03-3d-models/catlife-town/current/catlife_v2_island_grass_style_no_skybox_20260630.blend,node_0.122,20260630,required,required,1028,MAT_CL_TownAtlas_02,T_CL_TownAtlas_BaseColor_02_1024.png,,READY
CL.PROP.Source.047,,CL_PROP_Source_047,PROP,03-3d-models/catlife-town/current/catlife_v2_island_grass_style_no_skybox_20260630.blend,node_0.123,20260630,required,required,269,MAT_CL_TownAtlas_02,T_CL_TownAtlas_BaseColor_02_1024.png,,READY
CL.PROP.Source.048,,CL_PROP_Source_048,PROP,03-3d-models/catlife-town/current/catlife_v2_island_grass_style_no_skybox_20260630.blend,node_0.124,20260630,required,required,410,MAT_CL_TownAtlas_02,T_CL_TownAtlas_BaseColor_02_1024.png,,READY
CL.PROP.Source.049,,CL_PROP_Source_049,PROP,03-3d-models/catlife-town/current/catlife_v2_island_grass_style_no_skybox_20260630.blend,node_0.125,20260630,required,required,1506,MAT_CL_TownAtlas_02,T_CL_TownAtlas_BaseColor_02_1024.png,,READY
CL.PROP.Source.050,,CL_PROP_Source_050,PROP,03-3d-models/catlife-town/current/catlife_v2_island_grass_style_no_skybox_20260630.blend,node_0.128,20260630,required,required,408,MAT_CL_TownAtlas_02,T_CL_TownAtlas_BaseColor_02_1024.png,,READY
CL.PROP.Source.051,,CL_PROP_Source_051,PROP,03-3d-models/catlife-town/current/catlife_v2_island_grass_style_no_skybox_20260630.blend,node_0.129,20260630,required,required,351,MAT_CL_TownAtlas_02,T_CL_TownAtlas_BaseColor_02_1024.png,,READY
CL.PROP.Source.052,,CL_PROP_Source_052,PROP,03-3d-models/catlife-town/current/catlife_v2_island_grass_style_no_skybox_20260630.blend,node_0.131,20260630,required,required,1172,MAT_CL_TownAtlas_02,T_CL_TownAtlas_BaseColor_02_1024.png,,READY
CL.PROP.Source.053,,CL_PROP_Source_053,PROP,03-3d-models/catlife-town/current/catlife_v2_island_grass_style_no_skybox_20260630.blend,node_0.132,20260630,required,required,253,MAT_CL_TownAtlas_02,T_CL_TownAtlas_BaseColor_02_1024.png,,READY
CL.PROP.Source.054,,CL_PROP_Source_054,PROP,03-3d-models/catlife-town/current/catlife_v2_island_grass_style_no_skybox_20260630.blend,node_0.133,20260630,required,required,455,MAT_CL_TownAtlas_02,T_CL_TownAtlas_BaseColor_02_1024.png,,READY
CL.PROP.Source.055,,CL_PROP_Source_055,PROP,03-3d-models/catlife-town/current/catlife_v2_island_grass_style_no_skybox_20260630.blend,node_0.134,20260630,required,required,522,MAT_CL_TownAtlas_02,T_CL_TownAtlas_BaseColor_02_1024.png,,READY
CL.PROP.Source.056,,CL_PROP_Source_056,PROP,03-3d-models/catlife-town/current/catlife_v2_island_grass_style_no_skybox_20260630.blend,node_0.137,20260630,required,required,455,MAT_CL_TownAtlas_02,T_CL_TownAtlas_BaseColor_02_1024.png,,READY
CL.PROP.Source.057,,CL_PROP_Source_057,PROP,03-3d-models/catlife-town/current/catlife_v2_island_grass_style_no_skybox_20260630.blend,node_0.138,20260630,required,required,448,MAT_CL_TownAtlas_02,T_CL_TownAtlas_BaseColor_02_1024.png,,READY
CL.PROP.Source.058,,CL_PROP_Source_058,PROP,03-3d-models/catlife-town/current/catlife_v2_island_grass_style_no_skybox_20260630.blend,node_0.139,20260630,required,required,527,MAT_CL_TownAtlas_02,T_CL_TownAtlas_BaseColor_02_1024.png,,READY
CL.PROP.Source.059,,CL_PROP_Source_059,PROP,03-3d-models/catlife-town/current/catlife_v2_island_grass_style_no_skybox_20260630.blend,node_0.140,20260630,required,required,772,MAT_CL_TownAtlas_02,T_CL_TownAtlas_BaseColor_02_1024.png,,READY
CL.PROP.Source.060,,CL_PROP_Source_060,PROP,03-3d-models/catlife-town/current/catlife_v2_island_grass_style_no_skybox_20260630.blend,node_0.142,20260630,required,required,277,MAT_CL_TownAtlas_02,T_CL_TownAtlas_BaseColor_02_1024.png,,READY
CL.PROP.Source.061,,CL_PROP_Source_061,PROP,03-3d-models/catlife-town/current/catlife_v2_island_grass_style_no_skybox_20260630.blend,node_0.143,20260630,required,required,567,MAT_CL_TownAtlas_02,T_CL_TownAtlas_BaseColor_02_1024.png,,READY
CL.PROP.Source.062,,CL_PROP_Source_062,PROP,03-3d-models/catlife-town/current/catlife_v2_island_grass_style_no_skybox_20260630.blend,node_0.144,20260630,required,required,719,MAT_CL_TownAtlas_02,T_CL_TownAtlas_BaseColor_02_1024.png,,READY
CL.PROP.Source.063,,CL_PROP_Source_063,PROP,03-3d-models/catlife-town/current/catlife_v2_island_grass_style_no_skybox_20260630.blend,node_0.146,20260630,required,required,408,MAT_CL_TownAtlas_02,T_CL_TownAtlas_BaseColor_02_1024.png,,READY
CL.PROP.Source.064,,CL_PROP_Source_064,PROP,03-3d-models/catlife-town/current/catlife_v2_island_grass_style_no_skybox_20260630.blend,node_0.148,20260630,required,required,279,MAT_CL_TownAtlas_02,T_CL_TownAtlas_BaseColor_02_1024.png,,READY
CL.PROP.Source.065,,CL_PROP_Source_065,PROP,03-3d-models/catlife-town/current/catlife_v2_island_grass_style_no_skybox_20260630.blend,node_0.149,20260630,required,required,910,MAT_CL_TownAtlas_02,T_CL_TownAtlas_BaseColor_02_1024.png,,READY
CL.PROP.Source.066,,CL_PROP_Source_066,PROP,03-3d-models/catlife-town/current/catlife_v2_island_grass_style_no_skybox_20260630.blend,node_0.151,20260630,required,required,548,MAT_CL_TownAtlas_02,T_CL_TownAtlas_BaseColor_02_1024.png,,READY
CL.PROP.Source.067,,CL_PROP_Source_067,PROP,03-3d-models/catlife-town/current/catlife_v2_island_grass_style_no_skybox_20260630.blend,node_0.152,20260630,required,required,431,MAT_CL_TownAtlas_02,T_CL_TownAtlas_BaseColor_02_1024.png,,READY
CL.PROP.Source.068,,CL_PROP_Source_068,PROP,03-3d-models/catlife-town/current/catlife_v2_island_grass_style_no_skybox_20260630.blend,node_0.153,20260630,required,required,777,MAT_CL_TownAtlas_02,T_CL_TownAtlas_BaseColor_02_1024.png,,READY
CL.PROP.Source.069,,CL_PROP_Source_069,PROP,03-3d-models/catlife-town/current/catlife_v2_island_grass_style_no_skybox_20260630.blend,node_0.154,20260630,required,required,522,MAT_CL_TownAtlas_02,T_CL_TownAtlas_BaseColor_02_1024.png,,READY
CL.PROP.Source.070,,CL_PROP_Source_070,PROP,03-3d-models/catlife-town/current/catlife_v2_island_grass_style_no_skybox_20260630.blend,node_0.155,20260630,required,required,911,MAT_CL_TownAtlas_03,T_CL_TownAtlas_BaseColor_03_1024.png,,READY
CL.PROP.Source.071,,CL_PROP_Source_071,PROP,03-3d-models/catlife-town/current/catlife_v2_island_grass_style_no_skybox_20260630.blend,node_0.156,20260630,required,required,472,MAT_CL_TownAtlas_03,T_CL_TownAtlas_BaseColor_03_1024.png,,READY
CL.PROP.Source.072,,CL_PROP_Source_072,PROP,03-3d-models/catlife-town/current/catlife_v2_island_grass_style_no_skybox_20260630.blend,node_0.157,20260630,required,required,408,MAT_CL_TownAtlas_03,T_CL_TownAtlas_BaseColor_03_1024.png,,READY
CL.PROP.Source.073,,CL_PROP_Source_073,PROP,03-3d-models/catlife-town/current/catlife_v2_island_grass_style_no_skybox_20260630.blend,node_0.159,20260630,required,required,243,MAT_CL_TownAtlas_03,T_CL_TownAtlas_BaseColor_03_1024.png,,READY
CL.PROP.Source.074,,CL_PROP_Source_074,PROP,03-3d-models/catlife-town/current/catlife_v2_island_grass_style_no_skybox_20260630.blend,node_0.161,20260630,required,required,573,MAT_CL_TownAtlas_03,T_CL_TownAtlas_BaseColor_03_1024.png,,READY
CL.PROP.Source.075,,CL_PROP_Source_075,PROP,03-3d-models/catlife-town/current/catlife_v2_island_grass_style_no_skybox_20260630.blend,node_0.162,20260630,required,required,694,MAT_CL_TownAtlas_03,T_CL_TownAtlas_BaseColor_03_1024.png,,READY
CL.PROP.Source.076,,CL_PROP_Source_076,PROP,03-3d-models/catlife-town/current/catlife_v2_island_grass_style_no_skybox_20260630.blend,node_0.163,20260630,required,required,333,MAT_CL_TownAtlas_03,T_CL_TownAtlas_BaseColor_03_1024.png,,READY
CL.PROP.Source.077,,CL_PROP_Source_077,PROP,03-3d-models/catlife-town/current/catlife_v2_island_grass_style_no_skybox_20260630.blend,node_0.165,20260630,required,required,485,MAT_CL_TownAtlas_03,T_CL_TownAtlas_BaseColor_03_1024.png,,READY
CL.PROP.Source.078,,CL_PROP_Source_078,PROP,03-3d-models/catlife-town/current/catlife_v2_island_grass_style_no_skybox_20260630.blend,node_0.166,20260630,required,required,469,MAT_CL_TownAtlas_03,T_CL_TownAtlas_BaseColor_03_1024.png,,READY
CL.PROP.Source.079,,CL_PROP_Source_079,PROP,03-3d-models/catlife-town/current/catlife_v2_island_grass_style_no_skybox_20260630.blend,node_0.167,20260630,required,required,1508,MAT_CL_TownAtlas_03,T_CL_TownAtlas_BaseColor_03_1024.png,,READY
CL.PROP.Source.080,,CL_PROP_Source_080,PROP,03-3d-models/catlife-town/current/catlife_v2_island_grass_style_no_skybox_20260630.blend,node_0.168,20260630,required,required,1713,MAT_CL_TownAtlas_03,T_CL_TownAtlas_BaseColor_03_1024.png,,READY
CL.PROP.Source.081,,CL_PROP_Source_081,PROP,03-3d-models/catlife-town/current/catlife_v2_island_grass_style_no_skybox_20260630.blend,node_0.169,20260630,required,required,1159,MAT_CL_TownAtlas_03,T_CL_TownAtlas_BaseColor_03_1024.png,,READY
CL.PROP.Source.082,,CL_PROP_Source_082,PROP,03-3d-models/catlife-town/current/catlife_v2_island_grass_style_no_skybox_20260630.blend,node_0.170,20260630,required,required,1610,MAT_CL_TownAtlas_03,T_CL_TownAtlas_BaseColor_03_1024.png,,READY
CL.ROAD.CentralGardenRing.01,中心花园环,CL_ROAD_CentralGardenRing_01,ROAD,03-3d-models/catlife-town/current/catlife_v2_island_grass_style_no_skybox_20260630.blend,node_0.037,20260630,required,required,14993,MAT_CL_TownAtlas_01,T_CL_TownAtlas_BaseColor_01_1024.png,CENTRAL_GARDEN_RING,READY
CL.ROAD.PlazaPath.01,广场道路,CL_ROAD_PlazaPath_01,ROAD,03-3d-models/catlife-town/current/catlife_v2_island_grass_style_no_skybox_20260630.blend,Mesh_0.007,20260630,required,required,1499,MAT_CL_TownAtlas_01,T_CL_TownAtlas_BaseColor_01_1024.png,PLAZA_PATH,READY
CL.ROAD.PlazaRing.01,广场环路,CL_ROAD_PlazaRing_01,ROAD,03-3d-models/catlife-town/current/catlife_v2_island_grass_style_no_skybox_20260630.blend,Mesh_0.005,20260630,required,required,1869,MAT_CL_Plaza,T_CL_Plaza_BaseColor_1024.png,PLAZA_RING,READY
CL.ROAD.Source.001,,CL_ROAD_Source_001,ROAD,03-3d-models/catlife-town/current/catlife_v2_island_grass_style_no_skybox_20260630.blend,Mesh_0,20260630,required,required,1553,MAT_CL_TownAtlas_01,T_CL_TownAtlas_BaseColor_01_1024.png,,READY
CL.ROAD.Source.004,,CL_ROAD_Source_004,ROAD,03-3d-models/catlife-town/current/catlife_v2_island_grass_style_no_skybox_20260630.blend,Mesh_0.008,20260630,required,required,269,MAT_CL_TownAtlas_01,T_CL_TownAtlas_BaseColor_01_1024.png,,READY
CL.ROAD.Source.005,,CL_ROAD_Source_005,ROAD,03-3d-models/catlife-town/current/catlife_v2_island_grass_style_no_skybox_20260630.blend,Mesh_0.014,20260630,required,required,120,MAT_CL_TownAtlas_01,T_CL_TownAtlas_BaseColor_01_1024.png,,READY
CL.ROAD.Source.006,,CL_ROAD_Source_006,ROAD,03-3d-models/catlife-town/current/catlife_v2_island_grass_style_no_skybox_20260630.blend,Mesh_0.015,20260630,required,required,258,MAT_CL_TownAtlas_01,T_CL_TownAtlas_BaseColor_01_1024.png,,READY
CL.ROAD.Source.007,,CL_ROAD_Source_007,ROAD,03-3d-models/catlife-town/current/catlife_v2_island_grass_style_no_skybox_20260630.blend,Mesh_0.016,20260630,required,required,279,MAT_CL_TownAtlas_01,T_CL_TownAtlas_BaseColor_01_1024.png,,READY
CL.ROAD.Source.008,,CL_ROAD_Source_008,ROAD,03-3d-models/catlife-town/current/catlife_v2_island_grass_style_no_skybox_20260630.blend,Mesh_0.017,20260630,required,required,230,MAT_CL_TownAtlas_01,T_CL_TownAtlas_BaseColor_01_1024.png,,READY
CL.ROAD.Source.009,,CL_ROAD_Source_009,ROAD,03-3d-models/catlife-town/current/catlife_v2_island_grass_style_no_skybox_20260630.blend,node_0.002,20260630,required,required,162,MAT_CL_TownAtlas_01,T_CL_TownAtlas_BaseColor_01_1024.png,,READY
CL.ROAD.Source.010,,CL_ROAD_Source_010,ROAD,03-3d-models/catlife-town/current/catlife_v2_island_grass_style_no_skybox_20260630.blend,node_0.020,20260630,required,required,710,MAT_CL_TownAtlas_01,T_CL_TownAtlas_BaseColor_01_1024.png,,READY
CL.ROAD.Source.011,,CL_ROAD_Source_011,ROAD,03-3d-models/catlife-town/current/catlife_v2_island_grass_style_no_skybox_20260630.blend,node_0.022,20260630,required,required,157,MAT_CL_TownAtlas_01,T_CL_TownAtlas_BaseColor_01_1024.png,,READY
CL.ROAD.Source.012,,CL_ROAD_Source_012,ROAD,03-3d-models/catlife-town/current/catlife_v2_island_grass_style_no_skybox_20260630.blend,node_0.028,20260630,required,required,786,MAT_CL_TownAtlas_01,T_CL_TownAtlas_BaseColor_01_1024.png,,READY
CL.ROAD.Source.014,,CL_ROAD_Source_014,ROAD,03-3d-models/catlife-town/current/catlife_v2_island_grass_style_no_skybox_20260630.blend,node_0.038,20260630,required,required,161,MAT_CL_TownAtlas_01,T_CL_TownAtlas_BaseColor_01_1024.png,,READY
CL.ROAD.Source.015,,CL_ROAD_Source_015,ROAD,03-3d-models/catlife-town/current/catlife_v2_island_grass_style_no_skybox_20260630.blend,node_0.056,20260630,required,required,161,MAT_CL_TownAtlas_01,T_CL_TownAtlas_BaseColor_01_1024.png,,READY
CL.ROAD.Source.016,,CL_ROAD_Source_016,ROAD,03-3d-models/catlife-town/current/catlife_v2_island_grass_style_no_skybox_20260630.blend,node_0.059,20260630,required,required,161,MAT_CL_TownAtlas_01,T_CL_TownAtlas_BaseColor_01_1024.png,,READY
CL.ROAD.Source.017,,CL_ROAD_Source_017,ROAD,03-3d-models/catlife-town/current/catlife_v2_island_grass_style_no_skybox_20260630.blend,node_0.060,20260630,required,required,162,MAT_CL_TownAtlas_01,T_CL_TownAtlas_BaseColor_01_1024.png,,READY
CL.ROAD.Source.018,,CL_ROAD_Source_018,ROAD,03-3d-models/catlife-town/current/catlife_v2_island_grass_style_no_skybox_20260630.blend,node_0.061,20260630,required,required,161,MAT_CL_TownAtlas_01,T_CL_TownAtlas_BaseColor_01_1024.png,,READY
CL.ROAD.Source.019,,CL_ROAD_Source_019,ROAD,03-3d-models/catlife-town/current/catlife_v2_island_grass_style_no_skybox_20260630.blend,node_0.062,20260630,required,required,161,MAT_CL_TownAtlas_01,T_CL_TownAtlas_BaseColor_01_1024.png,,READY
CL.ROAD.Source.020,,CL_ROAD_Source_020,ROAD,03-3d-models/catlife-town/current/catlife_v2_island_grass_style_no_skybox_20260630.blend,node_0.063,20260630,required,required,162,MAT_CL_TownAtlas_01,T_CL_TownAtlas_BaseColor_01_1024.png,,READY
CL.ROAD.Source.021,,CL_ROAD_Source_021,ROAD,03-3d-models/catlife-town/current/catlife_v2_island_grass_style_no_skybox_20260630.blend,node_0.064,20260630,required,required,161,MAT_CL_TownAtlas_01,T_CL_TownAtlas_BaseColor_01_1024.png,,READY
CL.ROAD.Source.022,,CL_ROAD_Source_022,ROAD,03-3d-models/catlife-town/current/catlife_v2_island_grass_style_no_skybox_20260630.blend,node_0.066,20260630,required,required,162,MAT_CL_TownAtlas_01,T_CL_TownAtlas_BaseColor_01_1024.png,,READY
CL.ROAD.Source.023,,CL_ROAD_Source_023,ROAD,03-3d-models/catlife-town/current/catlife_v2_island_grass_style_no_skybox_20260630.blend,node_0.067,20260630,required,required,161,MAT_CL_TownAtlas_01,T_CL_TownAtlas_BaseColor_01_1024.png,,READY
CL.ROAD.Source.024,,CL_ROAD_Source_024,ROAD,03-3d-models/catlife-town/current/catlife_v2_island_grass_style_no_skybox_20260630.blend,node_0.068,20260630,required,required,162,MAT_CL_TownAtlas_01,T_CL_TownAtlas_BaseColor_01_1024.png,,READY
CL.ROAD.Source.025,,CL_ROAD_Source_025,ROAD,03-3d-models/catlife-town/current/catlife_v2_island_grass_style_no_skybox_20260630.blend,node_0.069,20260630,required,required,161,MAT_CL_TownAtlas_01,T_CL_TownAtlas_BaseColor_01_1024.png,,READY
CL.ROAD.Source.026,,CL_ROAD_Source_026,ROAD,03-3d-models/catlife-town/current/catlife_v2_island_grass_style_no_skybox_20260630.blend,node_0.070,20260630,required,required,161,MAT_CL_TownAtlas_01,T_CL_TownAtlas_BaseColor_01_1024.png,,READY
CL.ROAD.Source.027,,CL_ROAD_Source_027,ROAD,03-3d-models/catlife-town/current/catlife_v2_island_grass_style_no_skybox_20260630.blend,node_0.071,20260630,required,required,162,MAT_CL_TownAtlas_01,T_CL_TownAtlas_BaseColor_01_1024.png,,READY
CL.ROAD.Source.028,,CL_ROAD_Source_028,ROAD,03-3d-models/catlife-town/current/catlife_v2_island_grass_style_no_skybox_20260630.blend,node_0.072,20260630,required,required,161,MAT_CL_TownAtlas_01,T_CL_TownAtlas_BaseColor_01_1024.png,,READY
CL.ROAD.Source.029,,CL_ROAD_Source_029,ROAD,03-3d-models/catlife-town/current/catlife_v2_island_grass_style_no_skybox_20260630.blend,node_0.073,20260630,required,required,162,MAT_CL_TownAtlas_01,T_CL_TownAtlas_BaseColor_01_1024.png,,READY
CL.ROAD.Source.030,,CL_ROAD_Source_030,ROAD,03-3d-models/catlife-town/current/catlife_v2_island_grass_style_no_skybox_20260630.blend,node_0.074,20260630,required,required,162,MAT_CL_TownAtlas_01,T_CL_TownAtlas_BaseColor_01_1024.png,,READY
CL.ROAD.Source.031,,CL_ROAD_Source_031,ROAD,03-3d-models/catlife-town/current/catlife_v2_island_grass_style_no_skybox_20260630.blend,node_0.075,20260630,required,required,161,MAT_CL_TownAtlas_01,T_CL_TownAtlas_BaseColor_01_1024.png,,READY
CL.ROAD.Source.032,,CL_ROAD_Source_032,ROAD,03-3d-models/catlife-town/current/catlife_v2_island_grass_style_no_skybox_20260630.blend,node_0.076,20260630,required,required,162,MAT_CL_TownAtlas_01,T_CL_TownAtlas_BaseColor_01_1024.png,,READY
CL.ROAD.Source.033,,CL_ROAD_Source_033,ROAD,03-3d-models/catlife-town/current/catlife_v2_island_grass_style_no_skybox_20260630.blend,node_0.077,20260630,required,required,162,MAT_CL_TownAtlas_01,T_CL_TownAtlas_BaseColor_01_1024.png,,READY
CL.ROAD.Source.034,,CL_ROAD_Source_034,ROAD,03-3d-models/catlife-town/current/catlife_v2_island_grass_style_no_skybox_20260630.blend,node_0.078,20260630,required,required,161,MAT_CL_TownAtlas_01,T_CL_TownAtlas_BaseColor_01_1024.png,,READY
CL.ROAD.Source.035,,CL_ROAD_Source_035,ROAD,03-3d-models/catlife-town/current/catlife_v2_island_grass_style_no_skybox_20260630.blend,node_0.079,20260630,required,required,162,MAT_CL_TownAtlas_01,T_CL_TownAtlas_BaseColor_01_1024.png,,READY
CL.ROAD.Source.036,,CL_ROAD_Source_036,ROAD,03-3d-models/catlife-town/current/catlife_v2_island_grass_style_no_skybox_20260630.blend,node_0.080,20260630,required,required,162,MAT_CL_TownAtlas_01,T_CL_TownAtlas_BaseColor_01_1024.png,,READY
CL.ROAD.Source.037,,CL_ROAD_Source_037,ROAD,03-3d-models/catlife-town/current/catlife_v2_island_grass_style_no_skybox_20260630.blend,node_0.081,20260630,required,required,162,MAT_CL_TownAtlas_01,T_CL_TownAtlas_BaseColor_01_1024.png,,READY
CL.ROAD.Source.038,,CL_ROAD_Source_038,ROAD,03-3d-models/catlife-town/current/catlife_v2_island_grass_style_no_skybox_20260630.blend,node_0.082,20260630,required,required,162,MAT_CL_TownAtlas_01,T_CL_TownAtlas_BaseColor_01_1024.png,,READY
CL.ROAD.Source.039,,CL_ROAD_Source_039,ROAD,03-3d-models/catlife-town/current/catlife_v2_island_grass_style_no_skybox_20260630.blend,node_0.083,20260630,required,required,162,MAT_CL_TownAtlas_01,T_CL_TownAtlas_BaseColor_01_1024.png,,READY
CL.ROAD.Source.040,,CL_ROAD_Source_040,ROAD,03-3d-models/catlife-town/current/catlife_v2_island_grass_style_no_skybox_20260630.blend,node_0.084,20260630,required,required,161,MAT_CL_TownAtlas_01,T_CL_TownAtlas_BaseColor_01_1024.png,,READY
CL.ROAD.Source.041,,CL_ROAD_Source_041,ROAD,03-3d-models/catlife-town/current/catlife_v2_island_grass_style_no_skybox_20260630.blend,node_0.085,20260630,required,required,161,MAT_CL_TownAtlas_01,T_CL_TownAtlas_BaseColor_01_1024.png,,READY
CL.ROAD.Source.042,,CL_ROAD_Source_042,ROAD,03-3d-models/catlife-town/current/catlife_v2_island_grass_style_no_skybox_20260630.blend,node_0.086,20260630,required,required,161,MAT_CL_TownAtlas_02,T_CL_TownAtlas_BaseColor_02_1024.png,,READY
CL.ROAD.Source.043,,CL_ROAD_Source_043,ROAD,03-3d-models/catlife-town/current/catlife_v2_island_grass_style_no_skybox_20260630.blend,node_0.087,20260630,required,required,161,MAT_CL_TownAtlas_02,T_CL_TownAtlas_BaseColor_02_1024.png,,READY
CL.ROAD.Source.044,,CL_ROAD_Source_044,ROAD,03-3d-models/catlife-town/current/catlife_v2_island_grass_style_no_skybox_20260630.blend,node_0.088,20260630,required,required,161,MAT_CL_TownAtlas_02,T_CL_TownAtlas_BaseColor_02_1024.png,,READY
CL.ROAD.Source.045,,CL_ROAD_Source_045,ROAD,03-3d-models/catlife-town/current/catlife_v2_island_grass_style_no_skybox_20260630.blend,node_0.089,20260630,required,required,161,MAT_CL_TownAtlas_02,T_CL_TownAtlas_BaseColor_02_1024.png,,READY
CL.ROAD.Source.046,,CL_ROAD_Source_046,ROAD,03-3d-models/catlife-town/current/catlife_v2_island_grass_style_no_skybox_20260630.blend,node_0.090,20260630,required,required,161,MAT_CL_TownAtlas_02,T_CL_TownAtlas_BaseColor_02_1024.png,,READY
CL.ROAD.Source.047,,CL_ROAD_Source_047,ROAD,03-3d-models/catlife-town/current/catlife_v2_island_grass_style_no_skybox_20260630.blend,node_0.091,20260630,required,required,495,MAT_CL_TownAtlas_02,T_CL_TownAtlas_BaseColor_02_1024.png,,READY
CL.ROAD.Source.048,,CL_ROAD_Source_048,ROAD,03-3d-models/catlife-town/current/catlife_v2_island_grass_style_no_skybox_20260630.blend,node_0.092,20260630,required,required,690,MAT_CL_TownAtlas_02,T_CL_TownAtlas_BaseColor_02_1024.png,,READY
CL.ROAD.Source.049,,CL_ROAD_Source_049,ROAD,03-3d-models/catlife-town/current/catlife_v2_island_grass_style_no_skybox_20260630.blend,node_0.094,20260630,required,required,161,MAT_CL_TownAtlas_02,T_CL_TownAtlas_BaseColor_02_1024.png,,READY
CL.ROAD.Source.050,,CL_ROAD_Source_050,ROAD,03-3d-models/catlife-town/current/catlife_v2_island_grass_style_no_skybox_20260630.blend,node_0.095,20260630,required,required,162,MAT_CL_TownAtlas_02,T_CL_TownAtlas_BaseColor_02_1024.png,,READY
CL.ROAD.Source.051,,CL_ROAD_Source_051,ROAD,03-3d-models/catlife-town/current/catlife_v2_island_grass_style_no_skybox_20260630.blend,node_0.096,20260630,required,required,162,MAT_CL_TownAtlas_02,T_CL_TownAtlas_BaseColor_02_1024.png,,READY
CL.ROAD.Source.052,,CL_ROAD_Source_052,ROAD,03-3d-models/catlife-town/current/catlife_v2_island_grass_style_no_skybox_20260630.blend,node_0.097,20260630,required,required,162,MAT_CL_TownAtlas_02,T_CL_TownAtlas_BaseColor_02_1024.png,,READY
CL.ROAD.Source.053,,CL_ROAD_Source_053,ROAD,03-3d-models/catlife-town/current/catlife_v2_island_grass_style_no_skybox_20260630.blend,node_0.098,20260630,required,required,162,MAT_CL_TownAtlas_02,T_CL_TownAtlas_BaseColor_02_1024.png,,READY
CL.ROAD.Source.054,,CL_ROAD_Source_054,ROAD,03-3d-models/catlife-town/current/catlife_v2_island_grass_style_no_skybox_20260630.blend,node_0.099,20260630,required,required,695,MAT_CL_TownAtlas_02,T_CL_TownAtlas_BaseColor_02_1024.png,,READY
CL.ROAD.Source.055,,CL_ROAD_Source_055,ROAD,03-3d-models/catlife-town/current/catlife_v2_island_grass_style_no_skybox_20260630.blend,node_0.127,20260630,required,required,157,MAT_CL_TownAtlas_02,T_CL_TownAtlas_BaseColor_02_1024.png,,READY
